tier,positions,percentage,confidence
Observed,485302,11.654393541768329,High (0.85-0.95)
Known Employer Inferred,831460,19.967282340148394,Medium (0.20-0.45)
CBP Synthetic,2847350,68.37832411808328,Low (0.10-0.20)
TOTAL,4164112,100.0,Mixed
